<?xml version="1.0" encoding="UTF-8"?>
<project-private xmlns="http://www.netbeans.org/ns/project-private/1">
    <editor-bookmarks xmlns="http://www.netbeans.org/ns/editor-bookmarks/2" lastBookmarkId="0"/>
    <open-files xmlns="http://www.netbeans.org/ns/projectui-open-files/2">
        <group>
            <file>file:/home/oracle/labs/04-Polymorphism/examples/Overriding/src/com/example/ManagerTest.java</file>
            <file>file:/home/oracle/labs/04-Polymorphism/examples/Overriding/src/com/example/Manager.java</file>
            <file>file:/home/oracle/labs/04-Polymorphism/examples/Overriding/src/com/example/Engineer.java</file>
            <file>file:/home/oracle/labs/04-Polymorphism/examples/Overriding/src/com/example/Director.java</file>
            <file>file:/home/oracle/labs/04-Polymorphism/examples/Overriding/src/com/example/BadBonusTest.java</file>
            <file>file:/home/oracle/labs/04-Polymorphism/examples/Overriding/src/com/example/VirtualInvokeTest01.java</file>
            <file>file:/home/oracle/labs/04-Polymorphism/examples/Overriding/src/com/example/GoodBonus.java</file>
            <file>file:/home/oracle/labs/04-Polymorphism/examples/Overriding/src/com/example/GoodBonusTest.java</file>
            <file>file:/home/oracle/labs/04-Polymorphism/examples/Overriding/src/com/example/Main.java</file>
            <file>file:/home/oracle/labs/04-Polymorphism/examples/Overriding/src/com/example/BadManager.java</file>
            <file>file:/home/oracle/labs/04-Polymorphism/examples/Overriding/src/com/example/BadBonus.java</file>
            <file>file:/home/oracle/labs/04-Polymorphism/examples/Overriding/src/com/example/CastTest01.java</file>
            <file>file:/home/oracle/labs/04-Polymorphism/examples/Overriding/src/com/example/VirtualInvokeTest02.java</file>
            <file>file:/home/oracle/labs/04-Polymorphism/examples/Overriding/src/com/example/CastTest02.java</file>
        </group>
    </open-files>
</project-private>
